{
  "TARGET_SIZE": [512,512],
  "MODEL": "resunet",
  "NCLASSES": 5,
  "KERNEL":7,
  "STRIDE":2,
  "BATCH_SIZE": 8,
  "FILTERS":6,
  "N_DATA_BANDS": 3,
  "DROPOUT":0.1,
  "DROPOUT_CHANGE_PER_LAYER":0.0,
  "DROPOUT_TYPE":"standard",
  "USE_DROPOUT_ON_UPSAMPLING":false,
  "DO_TRAIN": true,
  "LOSS":"dice",
  "PATIENCE": 10,
  "MAX_EPOCHS": 100,
  "VALIDATION_SPLIT": 0.6,
  "RAMPUP_EPOCHS": 20,
  "SUSTAIN_EPOCHS": 0.0,
  "EXP_DECAY": 0.9,
  "START_LR":  1e-7,
  "MIN_LR": 1e-7,
  "MAX_LR": 1e-4,
  "FILTER_VALUE": 0,
  "DOPLOT": true,
  "ROOT_STRING": "ct_E_512_all",
  "USEMASK": false,
  "AUG_ROT": 0.05,
  "AUG_ZOOM": 0.05,
  "AUG_WIDTHSHIFT": 0.05,
  "AUG_HEIGHTSHIFT": 0.05,
  "AUG_HFLIP": true,
  "AUG_VFLIP": false,
  "AUG_LOOPS": 10,
  "AUG_COPIES": 5,
  "REMAP_CLASSES": {"0": 0, "1": 1, "2": 2, "3":3, "4":4, "5":4, "6":4,"7":4,"8":4,"9":4,"10":4,"11":4}
}
