{
	"DETAILS": {
		"NAME": "Segmentation Zoo models for Landsat-8 satellite imagery, Coast Train v1 Landsat-8 4-class subset.",
    "DATE": "2022-02-22",
    "URL":"10.5281/zenodo.6229071",
    "CITATION":"Buscombe, D. (2022) Segmentation Zoo models for Landsat-8 satellite imagery, Coast Train v1 Landsat-8 4-class subset. Zenodo data release 10.5281/zenodo.6229071",
    "QUERIES": "https://github.com/Doodleverse/segmentation_zoo/issues",
    "CREDIT":"Daniel Buscombe, @dbuscombe-usgs",
    "INTENDED_PURPOSE":"Landsat-8 satellite image segmentation",
    "KEYWORDS": {
      "1": "Landsat",
      "2": "Landsat-8",
			"3": "water",
			"4": "whitewater",
			"5": "sediment",
			"6": "other"
    }
	},  
	"DATASET": {
		"NAME": "Coast Train v1 Landsat-8", 
    "SOURCE": "https://cmgds.marine.usgs.gov/data-releases/datarelease/10.5066-P91NP87I",
    "CITATION": "Wernette, P.A., Buscombe, D.D., Favela, J., Fitzpatrick, S., and Goldstein E., 2022, Coast Train--Labeled imagery for training and evaluation of data-driven models for image segmentation: U.S. Geological Survey data release, https://doi.org/10.5066/P91NP87I",
    "NUMBER_LABELED_IMAGES": 419,
		"CLASSES": {
			"0": "null",
			"1": "water",
			"2": "whitewater",
			"3": "sediment",
			"4": "other"
		},
		"ORIG_CLASSES": {
			"0": "water",
			"1": "whitewater",
			"2": "sediment",
			"3": "other_natural_terrain",
			"4": "vegetated_surface",
			"5": "agricultural",
			"6": "development",
			"7": "cloud",
			"8": "nodata",
			"9": "unusual",
			"10": "unknown"
		},
		"REMAP_CLASSES": {
			"0": 0,
			"1": 1,
			"2": 2,
			"3": 3,
			"4": 4,
			"5": 4,
			"6": 4,
			"7": 4,
			"8": 4,
			"9": 4,
			"10": 4,
			"11": 4
		},
		"N_DATA_BANDS": 1,
    "BAND_NAMES": {
		"0": "red",
		"1": "green",
		"2": "blue"	  
    }
	},
	"MODEL": {
		"NAME": "resunet",
    "KERNEL":7,
    "STRIDE":2,
    "FILTERS":6    
	},
	"TRAINING": {
    "BATCH_SIZE": 8,
    "DROPOUT":0.1,
    "DROPOUT_CHANGE_PER_LAYER":0.0,
    "DROPOUT_TYPE":"standard",
    "USE_DROPOUT_ON_UPSAMPLING":false,
    "LOSS":"kld",
    "PATIENCE": 10,
    "MAX_EPOCHS": 100,
    "VALIDATION_SPLIT": 0.6,
    "RAMPUP_EPOCHS": 20,
    "SUSTAIN_EPOCHS": 0.0,
    "EXP_DECAY": 0.9,
    "START_LR":  1e-7,
    "MIN_LR": 1e-7,
    "MAX_LR": 1e-4   
	},
	"AUGMENTATION": {
    "AUGMENTATION_USED": true,
    "FILTER_VALUE": 0,
    "AUG_ROT": 0.05,
    "AUG_ZOOM": 0.05,
    "AUG_WIDTHSHIFT": 0.05,
    "AUG_HEIGHTSHIFT": 0.05,
    "AUG_HFLIP": true,
    "AUG_VFLIP": false,
    "AUG_LOOPS": 10,
    "AUG_COPIES": 5  
	}     
}

